{
    "focal_length": 1720.4516509681748,
    "known_distance_cm": 50.0,
    "known_face_width_cm": 14.0,
    "calibration_timestamp": 1764024939.281198
}